-- MySQL dump 10.13  Distrib 8.0.45, for Win64 (x86_64)
--
-- Host: localhost    Database: vocaflip
-- ------------------------------------------------------
-- Server version	8.0.45

/*!40101 SET @OLD_CHARACTER_SET_CLIENT=@@CHARACTER_SET_CLIENT */;
/*!40101 SET @OLD_CHARACTER_SET_RESULTS=@@CHARACTER_SET_RESULTS */;
/*!40101 SET @OLD_COLLATION_CONNECTION=@@COLLATION_CONNECTION */;
/*!50503 SET NAMES utf8 */;
/*!40103 SET @OLD_TIME_ZONE=@@TIME_ZONE */;
/*!40103 SET TIME_ZONE='+00:00' */;
/*!40014 SET @OLD_UNIQUE_CHECKS=@@UNIQUE_CHECKS, UNIQUE_CHECKS=0 */;
/*!40014 SET @OLD_FOREIGN_KEY_CHECKS=@@FOREIGN_KEY_CHECKS, FOREIGN_KEY_CHECKS=0 */;
/*!40101 SET @OLD_SQL_MODE=@@SQL_MODE, SQL_MODE='NO_AUTO_VALUE_ON_ZERO' */;
/*!40111 SET @OLD_SQL_NOTES=@@SQL_NOTES, SQL_NOTES=0 */;

--
-- Table structure for table `deck_review_progress`
--

DROP TABLE IF EXISTS `deck_review_progress`;
/*!40101 SET @saved_cs_client     = @@character_set_client */;
/*!50503 SET character_set_client = utf8mb4 */;
CREATE TABLE `deck_review_progress` (
  `id` bigint NOT NULL AUTO_INCREMENT,
  `created_at` datetime(6) DEFAULT NULL,
  `updated_at` datetime(6) DEFAULT NULL,
  `current_card_index` int NOT NULL,
  `last_reviewed_at` datetime(6) DEFAULT NULL,
  `flashcard_set_id` bigint NOT NULL,
  `user_id` bigint NOT NULL,
  PRIMARY KEY (`id`),
  UNIQUE KEY `uk_deck_review_progress_user_set` (`user_id`,`flashcard_set_id`),
  KEY `FKnnonf8jwp3vs45pmaxb5xu0ue` (`flashcard_set_id`),
  CONSTRAINT `FKcjq0gwk6q9ncax6h9tjugjuo1` FOREIGN KEY (`user_id`) REFERENCES `users` (`id`),
  CONSTRAINT `FKnnonf8jwp3vs45pmaxb5xu0ue` FOREIGN KEY (`flashcard_set_id`) REFERENCES `flashcard_sets` (`id`)
) ENGINE=InnoDB AUTO_INCREMENT=7 DEFAULT CHARSET=utf8mb4 COLLATE=utf8mb4_unicode_ci;
/*!40101 SET character_set_client = @saved_cs_client */;

--
-- Dumping data for table `deck_review_progress`
--

LOCK TABLES `deck_review_progress` WRITE;
/*!40000 ALTER TABLE `deck_review_progress` DISABLE KEYS */;
INSERT INTO `deck_review_progress` VALUES (1,'2026-04-04 05:56:28.385569','2026-04-04 09:09:11.227989',0,'2026-04-04 09:09:11.225883',2,1),(3,'2026-04-06 13:19:03.537261','2026-04-06 13:46:40.884927',9,'2026-04-06 13:46:40.882923',12,1),(4,'2026-04-06 14:34:18.912040','2026-04-06 14:48:32.155634',6,'2026-04-06 14:48:32.134827',16,13),(5,'2026-04-07 02:34:43.063596','2026-04-07 02:35:44.114290',9,'2026-04-07 02:35:44.110772',17,13),(6,'2026-04-07 02:37:32.869052','2026-04-07 02:37:52.092634',4,'2026-04-07 02:37:52.091130',18,1);
/*!40000 ALTER TABLE `deck_review_progress` ENABLE KEYS */;
UNLOCK TABLES;

--
-- Table structure for table `flashcard_sets`
--

DROP TABLE IF EXISTS `flashcard_sets`;
/*!40101 SET @saved_cs_client     = @@character_set_client */;
/*!50503 SET character_set_client = utf8mb4 */;
CREATE TABLE `flashcard_sets` (
  `id` bigint NOT NULL AUTO_INCREMENT,
  `created_at` datetime(6) DEFAULT NULL,
  `updated_at` datetime(6) DEFAULT NULL,
  `archived` bit(1) NOT NULL,
  `description` text COLLATE utf8mb4_unicode_ci,
  `source_language` varchar(30) COLLATE utf8mb4_unicode_ci NOT NULL,
  `target_language` varchar(30) COLLATE utf8mb4_unicode_ci NOT NULL,
  `title` varchar(150) COLLATE utf8mb4_unicode_ci NOT NULL,
  `user_id` bigint NOT NULL,
  `allow_copy` bit(1) NOT NULL,
  `allow_review` bit(1) NOT NULL,
  `share_code` varchar(20) COLLATE utf8mb4_unicode_ci DEFAULT NULL,
  `visibility` enum('PRIVATE','PUBLIC','SHARED') COLLATE utf8mb4_unicode_ci NOT NULL,
  PRIMARY KEY (`id`),
  UNIQUE KEY `UKox2od5cpcrvydn4k0t5ur4hy3` (`share_code`),
  KEY `FKrih1wcm7pm84ei97mdxjvpaek` (`user_id`),
  CONSTRAINT `FKrih1wcm7pm84ei97mdxjvpaek` FOREIGN KEY (`user_id`) REFERENCES `users` (`id`)
) ENGINE=InnoDB AUTO_INCREMENT=19 DEFAULT CHARSET=utf8mb4 COLLATE=utf8mb4_unicode_ci;
/*!40101 SET character_set_client = @saved_cs_client */;

--
-- Dumping data for table `flashcard_sets`
--

LOCK TABLES `flashcard_sets` WRITE;
/*!40000 ALTER TABLE `flashcard_sets` DISABLE KEYS */;
INSERT INTO `flashcard_sets` VALUES (2,'2026-03-28 16:59:33.440600','2026-04-06 07:28:41.027864',_binary '\0','','en','vi','Fish',1,_binary '',_binary '','59b06db7ad51','PUBLIC'),(6,'2026-04-06 11:08:35.288669','2026-04-06 11:08:35.288669',_binary '\0','Generated by automated check','en','vi','AI Test Set',4,_binary '\0',_binary '',NULL,'PRIVATE'),(11,'2026-04-06 11:24:40.776709','2026-04-06 11:24:40.776709',_binary '\0','Generated by automated check','en','vi','AI Test Set',12,_binary '\0',_binary '',NULL,'PRIVATE'),(12,'2026-04-06 13:18:35.167765','2026-04-06 13:18:35.167765',_binary '\0','','en','vi','Animal',1,_binary '\0',_binary '',NULL,'PRIVATE'),(16,'2026-04-06 14:33:54.372583','2026-04-06 14:33:54.372583',_binary '\0','','en','vi','Travel',13,_binary '\0',_binary '',NULL,'PRIVATE'),(17,'2026-04-07 02:34:20.455703','2026-04-07 02:36:36.982726',_binary '\0','','en','vi','Toeic verbs',13,_binary '',_binary '','eb70c371d224','PUBLIC'),(18,'2026-04-07 02:37:17.035283','2026-04-07 02:37:17.035283',_binary '\0','','en','vi','Toeic verbs (copy)',1,_binary '\0',_binary '',NULL,'PRIVATE');
/*!40000 ALTER TABLE `flashcard_sets` ENABLE KEYS */;
UNLOCK TABLES;

--
-- Table structure for table `flashcards`
--

DROP TABLE IF EXISTS `flashcards`;
/*!40101 SET @saved_cs_client     = @@character_set_client */;
/*!50503 SET character_set_client = utf8mb4 */;
CREATE TABLE `flashcards` (
  `id` bigint NOT NULL AUTO_INCREMENT,
  `created_at` datetime(6) DEFAULT NULL,
  `updated_at` datetime(6) DEFAULT NULL,
  `back_text` varchar(500) COLLATE utf8mb4_unicode_ci NOT NULL,
  `example_text` text COLLATE utf8mb4_unicode_ci,
  `front_text` varchar(500) COLLATE utf8mb4_unicode_ci DEFAULT NULL,
  `note_text` text COLLATE utf8mb4_unicode_ci,
  `order_index` int NOT NULL,
  `flashcard_set_id` bigint NOT NULL,
  `front_content_type` enum('IMAGE','TEXT') COLLATE utf8mb4_unicode_ci NOT NULL,
  `front_image_url` varchar(500) COLLATE utf8mb4_unicode_ci DEFAULT NULL,
  `audio_url` varchar(500) COLLATE utf8mb4_unicode_ci DEFAULT NULL,
  `phonetic` varchar(255) COLLATE utf8mb4_unicode_ci DEFAULT NULL,
  PRIMARY KEY (`id`),
  KEY `FKob8kpup4qkh3734j7imlsl2hu` (`flashcard_set_id`),
  CONSTRAINT `FKob8kpup4qkh3734j7imlsl2hu` FOREIGN KEY (`flashcard_set_id`) REFERENCES `flashcard_sets` (`id`)
) ENGINE=InnoDB AUTO_INCREMENT=69 DEFAULT CHARSET=utf8mb4 COLLATE=utf8mb4_unicode_ci;
/*!40101 SET character_set_client = @saved_cs_client */;

--
-- Dumping data for table `flashcards`
--

LOCK TABLES `flashcards` WRITE;
/*!40000 ALTER TABLE `flashcards` DISABLE KEYS */;
INSERT INTO `flashcards` VALUES (4,'2026-03-28 17:00:43.891718','2026-03-28 17:00:43.891718','Dolphin','Cá heo',NULL,'',0,2,'IMAGE','https://e.khoahoc.tv/photos/image/2009/12/19/dolphin.jpg',NULL,NULL),(6,'2026-04-04 05:56:52.297082','2026-04-04 05:56:52.297082','con heo','','pig','',1,2,'TEXT',NULL,NULL,NULL),(7,'2026-04-04 05:57:18.988403','2026-04-04 05:57:18.988403','con chó','','dog','',2,2,'TEXT',NULL,NULL,NULL),(8,'2026-04-04 05:57:32.845183','2026-04-04 05:57:32.845183','con ngựa','','horse','',3,2,'TEXT',NULL,NULL,NULL),(9,'2026-04-04 09:06:18.324290','2026-04-04 09:06:18.324290','cá mập','','shark','',4,2,'TEXT',NULL,NULL,NULL),(10,'2026-04-04 09:06:36.745274','2026-04-04 09:06:36.746268','cá voi','','whale','',5,2,'TEXT',NULL,NULL,NULL),(11,'2026-04-06 06:58:24.025011','2026-04-06 06:58:24.025011','con người','','Human','',6,2,'TEXT',NULL,NULL,NULL),(22,'2026-04-06 11:08:39.298470','2026-04-06 11:08:39.298470','chó','My dog loves to play fetch.','dog',NULL,0,6,'TEXT',NULL,'https://api.dictionaryapi.dev/media/pronunciations/en/dog-uk.mp3','/dɑɡ/'),(23,'2026-04-06 11:08:39.391533','2026-04-06 11:08:39.391533','mèo','The cat is sleeping on the couch.','cat',NULL,1,6,'TEXT',NULL,'https://api.dictionaryapi.dev/media/pronunciations/en/cat-uk.mp3','/kat/'),(24,'2026-04-06 11:08:39.484843','2026-04-06 11:08:39.484843','chim','A little bird sang a beautiful song.','bird',NULL,2,6,'TEXT',NULL,'https://api.dictionaryapi.dev/media/pronunciations/en/bird-us.mp3','/bɜd/'),(25,'2026-04-06 11:08:39.574972','2026-04-06 11:08:39.574972','cá','I have a gold fish in my tank.','fish',NULL,3,6,'TEXT',NULL,'https://api.dictionaryapi.dev/media/pronunciations/en/fish-au.mp3','/fɪʃ/'),(26,'2026-04-06 11:24:45.206247','2026-04-06 11:24:45.206247','mèo','The cat is sleeping on the sofa.','cat',NULL,0,11,'TEXT',NULL,'https://api.dictionaryapi.dev/media/pronunciations/en/cat-uk.mp3','/kat/'),(27,'2026-04-06 11:24:45.303514','2026-04-06 11:24:45.303514','chó','My dog loves to play fetch.','dog',NULL,1,11,'TEXT',NULL,'https://api.dictionaryapi.dev/media/pronunciations/en/dog-uk.mp3','/dɑɡ/'),(28,'2026-04-06 11:24:45.399126','2026-04-06 11:24:45.399126','chim','A small bird is singing in the tree.','bird',NULL,2,11,'TEXT',NULL,'https://api.dictionaryapi.dev/media/pronunciations/en/bird-us.mp3','/bɜd/'),(29,'2026-04-06 11:24:45.492693','2026-04-06 11:24:45.492693','cá','We saw many colorful fish in the ocean.','fish',NULL,3,11,'TEXT',NULL,'https://api.dictionaryapi.dev/media/pronunciations/en/fish-au.mp3','/fɪʃ/'),(30,'2026-04-06 13:18:42.207213','2026-04-06 13:18:42.207213','chó','My dog loves to play fetch.','dog',NULL,0,12,'TEXT',NULL,'https://api.dictionaryapi.dev/media/pronunciations/en/dog-uk.mp3','/dɑɡ/'),(31,'2026-04-06 13:18:42.301572','2026-04-06 13:18:42.301572','mèo','The cat is sleeping on the sofa.','cat',NULL,1,12,'TEXT',NULL,'https://api.dictionaryapi.dev/media/pronunciations/en/cat-uk.mp3','/kat/'),(32,'2026-04-06 13:18:42.545570','2026-04-06 13:18:42.545570','chim','A little bird sang in the tree.','bird',NULL,2,12,'TEXT',NULL,'https://api.dictionaryapi.dev/media/pronunciations/en/bird-us.mp3','/bɜd/'),(33,'2026-04-06 13:18:42.712689','2026-04-06 13:18:42.712689','cá','I saw a big fish in the river.','fish',NULL,3,12,'TEXT',NULL,'https://api.dictionaryapi.dev/media/pronunciations/en/fish-au.mp3','/fɪʃ/'),(34,'2026-04-06 13:18:42.852339','2026-04-06 13:18:42.852339','ngựa','She rides a horse every Sunday.','horse',NULL,4,12,'TEXT',NULL,'https://api.dictionaryapi.dev/media/pronunciations/en/horse-us.mp3','/hɔːs/'),(35,'2026-04-06 13:18:42.958966','2026-04-06 13:18:42.958966','bò','Cows eat grass in the field.','cow',NULL,5,12,'TEXT',NULL,'https://api.dictionaryapi.dev/media/pronunciations/en/cow-uk.mp3','/kaʊ/'),(36,'2026-04-06 13:18:43.049402','2026-04-06 13:18:43.049402','lợn','Pigs like to roll in the mud.','pig',NULL,6,12,'TEXT',NULL,'https://api.dictionaryapi.dev/media/pronunciations/en/pig-1-au.mp3','/ˈpɪɡ/'),(37,'2026-04-06 13:18:43.214463','2026-04-06 13:18:43.215241','sư tử','The lion roared loudly.','lion',NULL,7,12,'TEXT',NULL,'https://api.dictionaryapi.dev/media/pronunciations/en/lion-us.mp3','/ˈlaɪən/'),(38,'2026-04-06 13:18:43.302834','2026-04-06 13:18:43.302834','gấu','Bears eat honey and berries.','bear',NULL,8,12,'TEXT',NULL,'https://api.dictionaryapi.dev/media/pronunciations/en/bear-us.mp3','/bɛə(ɹ)/'),(39,'2026-04-06 13:18:43.389645','2026-04-06 13:18:43.389645','voi','An elephant has a very long trunk.','elephant',NULL,9,12,'TEXT',NULL,'https://api.dictionaryapi.dev/media/pronunciations/en/elephant-us.mp3','/ˈɛləfənt/'),(40,'2026-04-06 14:34:03.770259','2026-04-06 14:34:03.770259','đặt (phòng, vé)','I need to book my flight tickets soon.','book',NULL,0,16,'TEXT',NULL,'https://api.dictionaryapi.dev/media/pronunciations/en/book-uk.mp3','/buːk/'),(41,'2026-04-06 14:34:04.490685','2026-04-06 14:34:04.490685','đóng gói (hành lý)','Don\'t forget to pack your swimsuit for the beach.','pack',NULL,1,16,'TEXT',NULL,'https://api.dictionaryapi.dev/media/pronunciations/en/pack-au.mp3','/pæk/'),(42,'2026-04-06 14:34:05.851965','2026-04-06 14:34:05.851965','khám phá','We want to explore the old city center.','explore',NULL,2,16,'TEXT',NULL,'https://api.dictionaryapi.dev/media/pronunciations/en/explore-us.mp3','/ɪkˈsplɔː/'),(43,'2026-04-06 14:34:05.948823','2026-04-06 14:34:05.948823','khởi hành','The train will depart at 7 AM.','depart',NULL,3,16,'TEXT',NULL,'https://api.dictionaryapi.dev/media/pronunciations/en/depart-us.mp3','/dɪˈpɑːt/'),(44,'2026-04-06 14:34:06.184726','2026-04-06 14:34:06.185750','đến nơi','What time do you expect to arrive?','arrive',NULL,4,16,'TEXT',NULL,'https://api.dictionaryapi.dev/media/pronunciations/en/arrive-us.mp3','/əˈɹaɪv/'),(45,'2026-04-06 14:34:06.294674','2026-04-06 14:34:06.295348','thăm viếng','Many tourists visit this temple every year.','visit',NULL,5,16,'TEXT',NULL,'https://api.dictionaryapi.dev/media/pronunciations/en/visit-us.mp3','/ˈvɪzɪt/'),(46,'2026-04-06 14:34:06.396341','2026-04-06 14:34:06.396341','ở lại','We decided to stay at a cozy guesthouse.','stay',NULL,6,16,'TEXT',NULL,'https://api.dictionaryapi.dev/media/pronunciations/en/stay-us.mp3','/steɪ/'),(47,'2026-04-06 14:34:06.487579','2026-04-06 14:34:06.487579','thuê','They plan to rent a car for their road trip.','rent',NULL,7,16,'TEXT',NULL,'https://api.dictionaryapi.dev/media/pronunciations/en/rent-uk.mp3','/ɹɛnt/'),(48,'2026-04-06 14:34:06.580218','2026-04-06 14:34:06.580218','đi bộ đường dài','We will hike through the mountains tomorrow.','hike',NULL,8,16,'TEXT',NULL,'https://api.dictionaryapi.dev/media/pronunciations/en/hike-us.mp3','/haɪk/'),(49,'2026-04-07 02:34:28.267342','2026-04-07 02:34:28.267342','yêu cầu','Please request a meeting with the manager.','request',NULL,0,17,'TEXT',NULL,'https://api.dictionaryapi.dev/media/pronunciations/en/request-us.mp3','/ɹɪˈkwɛst/'),(50,'2026-04-07 02:34:28.551300','2026-04-07 02:34:28.551300','chấp thuận','The committee will approve the budget soon.','approve',NULL,1,17,'TEXT',NULL,'https://api.dictionaryapi.dev/media/pronunciations/en/approve-uk.mp3','/əˈpɹuːv/'),(51,'2026-04-07 02:34:29.492124','2026-04-07 02:34:29.492124','tiến hành','We will conduct a survey next month.','conduct',NULL,2,17,'TEXT',NULL,'https://api.dictionaryapi.dev/media/pronunciations/en/conduct-ca-noun.mp3','/ˈkɒndʌkt/'),(52,'2026-04-07 02:34:29.818726','2026-04-07 02:34:29.818726','gia hạn','Can you extend the deadline for the report?','extend',NULL,3,17,'TEXT',NULL,NULL,'/ɛkˈstɛnd/'),(53,'2026-04-07 02:34:30.097886','2026-04-07 02:34:30.097886','đề xuất','They will propose a new strategy tomorrow.','propose',NULL,4,17,'TEXT',NULL,'https://api.dictionaryapi.dev/media/pronunciations/en/propose-us.mp3','/pɹəˈpəʊz/'),(54,'2026-04-07 02:34:31.047348','2026-04-07 02:34:31.047348','xem xét','The manager needs to review the documents.','review',NULL,5,17,'TEXT',NULL,'https://api.dictionaryapi.dev/media/pronunciations/en/review-us.mp3','/ɹɪˈvjuː/'),(55,'2026-04-07 02:34:31.877431','2026-04-07 02:34:31.877431','nộp','Please submit your application by Friday.','submit',NULL,6,17,'TEXT',NULL,'https://api.dictionaryapi.dev/media/pronunciations/en/submit-us.mp3','/səbˈmɪt/'),(56,'2026-04-07 02:34:32.278528','2026-04-07 02:34:32.278528','tham dự','All staff must attend the training session.','attend',NULL,7,17,'TEXT',NULL,'https://api.dictionaryapi.dev/media/pronunciations/en/attend-us.mp3','/əˈtɛnd/'),(57,'2026-04-07 02:34:32.635280','2026-04-07 02:34:32.635280','xác nhận','Did you confirm your flight details?','confirm',NULL,8,17,'TEXT',NULL,'https://api.dictionaryapi.dev/media/pronunciations/en/confirm-us.mp3','/kənˈfɜːm/'),(58,'2026-04-07 02:34:33.531969','2026-04-07 02:34:33.531969','thực hiện','The company will implement new policies next year.','implement',NULL,9,17,'TEXT',NULL,'https://api.dictionaryapi.dev/media/pronunciations/en/implement-1-us.mp3','/ˈɪmpləmənt/'),(59,'2026-04-07 02:37:17.155239','2026-04-07 02:37:17.155239','yêu cầu','Please request a meeting with the manager.','request',NULL,0,18,'TEXT',NULL,NULL,NULL),(60,'2026-04-07 02:37:17.307632','2026-04-07 02:37:17.307632','chấp thuận','The committee will approve the budget soon.','approve',NULL,1,18,'TEXT',NULL,NULL,NULL),(61,'2026-04-07 02:37:17.334624','2026-04-07 02:37:17.334624','tiến hành','We will conduct a survey next month.','conduct',NULL,2,18,'TEXT',NULL,NULL,NULL),(62,'2026-04-07 02:37:17.356513','2026-04-07 02:37:17.356513','gia hạn','Can you extend the deadline for the report?','extend',NULL,3,18,'TEXT',NULL,NULL,NULL),(63,'2026-04-07 02:37:17.378342','2026-04-07 02:37:17.378342','đề xuất','They will propose a new strategy tomorrow.','propose',NULL,4,18,'TEXT',NULL,NULL,NULL),(64,'2026-04-07 02:37:17.400599','2026-04-07 02:37:17.400599','xem xét','The manager needs to review the documents.','review',NULL,5,18,'TEXT',NULL,NULL,NULL),(65,'2026-04-07 02:37:17.425180','2026-04-07 02:37:17.425180','nộp','Please submit your application by Friday.','submit',NULL,6,18,'TEXT',NULL,NULL,NULL),(66,'2026-04-07 02:37:17.451891','2026-04-07 02:37:17.451891','tham dự','All staff must attend the training session.','attend',NULL,7,18,'TEXT',NULL,NULL,NULL),(67,'2026-04-07 02:37:17.479424','2026-04-07 02:37:17.479424','xác nhận','Did you confirm your flight details?','confirm',NULL,8,18,'TEXT',NULL,NULL,NULL),(68,'2026-04-07 02:37:17.501943','2026-04-07 02:37:17.501943','thực hiện','The company will implement new policies next year.','implement',NULL,9,18,'TEXT',NULL,NULL,NULL);
/*!40000 ALTER TABLE `flashcards` ENABLE KEYS */;
UNLOCK TABLES;

--
-- Table structure for table `study_session_cards`
--

DROP TABLE IF EXISTS `study_session_cards`;
/*!40101 SET @saved_cs_client     = @@character_set_client */;
/*!50503 SET character_set_client = utf8mb4 */;
CREATE TABLE `study_session_cards` (
  `id` bigint NOT NULL AUTO_INCREMENT,
  `created_at` datetime(6) DEFAULT NULL,
  `updated_at` datetime(6) DEFAULT NULL,
  `order_index` int NOT NULL,
  `rating` enum('AGAIN','EASY','GOOD','HARD') COLLATE utf8mb4_unicode_ci NOT NULL,
  `reviewed_at` datetime(6) NOT NULL,
  `flashcard_id` bigint NOT NULL,
  `study_session_id` bigint NOT NULL,
  `correct` bit(1) NOT NULL,
  `correct_answer` varchar(500) COLLATE utf8mb4_unicode_ci DEFAULT NULL,
  `correct_flashcard_id` bigint DEFAULT NULL,
  `selected_answer` varchar(500) COLLATE utf8mb4_unicode_ci DEFAULT NULL,
  `selected_flashcard_id` bigint DEFAULT NULL,
  PRIMARY KEY (`id`),
  KEY `FK8mitl3ip3on6p03f83djwt45i` (`flashcard_id`),
  KEY `FKtbc0lic8gy1ggd01yph5aa92l` (`study_session_id`),
  CONSTRAINT `FK8mitl3ip3on6p03f83djwt45i` FOREIGN KEY (`flashcard_id`) REFERENCES `flashcards` (`id`),
  CONSTRAINT `FKtbc0lic8gy1ggd01yph5aa92l` FOREIGN KEY (`study_session_id`) REFERENCES `study_sessions` (`id`)
) ENGINE=InnoDB AUTO_INCREMENT=52 DEFAULT CHARSET=utf8mb4 COLLATE=utf8mb4_unicode_ci;
/*!40101 SET character_set_client = @saved_cs_client */;

--
-- Dumping data for table `study_session_cards`
--

LOCK TABLES `study_session_cards` WRITE;
/*!40000 ALTER TABLE `study_session_cards` DISABLE KEYS */;
INSERT INTO `study_session_cards` VALUES (1,'2026-04-04 05:57:59.434690','2026-04-04 05:57:59.434690',1,'EASY','2026-04-04 05:57:59.433685',8,1,_binary '','con ngựa',NULL,'con ngựa',NULL),(2,'2026-04-04 05:58:18.126274','2026-04-04 05:58:18.126274',1,'EASY','2026-04-04 05:58:18.125275',6,2,_binary '','con heo',NULL,'con heo',NULL),(3,'2026-04-04 05:58:18.132393','2026-04-04 05:58:18.132393',2,'EASY','2026-04-04 05:58:18.131395',7,2,_binary '','con chó',NULL,'con chó',NULL),(4,'2026-04-04 05:58:18.137928','2026-04-04 05:58:18.138927',3,'EASY','2026-04-04 05:58:18.136402',8,2,_binary '','con ngựa',NULL,'con ngựa',NULL),(5,'2026-04-04 05:58:18.146456','2026-04-04 05:58:18.146456',4,'EASY','2026-04-04 05:58:18.145455',4,2,_binary '','Dolphin',NULL,'Dolphin',NULL),(6,'2026-04-04 06:05:24.661551','2026-04-04 06:05:24.661551',1,'EASY','2026-04-04 06:05:24.661551',6,3,_binary '','con heo',NULL,'con heo',NULL),(7,'2026-04-04 06:05:24.682304','2026-04-04 06:05:24.682304',2,'EASY','2026-04-04 06:05:24.682305',8,3,_binary '','con ngựa',NULL,'con ngựa',NULL),(8,'2026-04-04 06:05:24.689839','2026-04-04 06:05:24.689839',3,'EASY','2026-04-04 06:05:24.688829',7,3,_binary '','con chó',NULL,'con chó',NULL),(9,'2026-04-04 06:05:24.707439','2026-04-04 06:05:24.707439',4,'EASY','2026-04-04 06:05:24.707440',4,3,_binary '','Dolphin',NULL,'Dolphin',NULL),(10,'2026-04-04 06:05:39.554462','2026-04-04 06:05:39.554462',1,'HARD','2026-04-04 06:05:39.552465',7,4,_binary '\0','con chó',NULL,'con ngựa',NULL),(11,'2026-04-04 06:05:39.561987','2026-04-04 06:05:39.561987',2,'EASY','2026-04-04 06:05:39.560983',6,4,_binary '','con heo',NULL,'con heo',NULL),(12,'2026-04-04 06:05:39.567499','2026-04-04 06:05:39.567499',3,'HARD','2026-04-04 06:05:39.566987',8,4,_binary '\0','con ngựa',NULL,'Dolphin',NULL),(13,'2026-04-04 06:05:39.575280','2026-04-04 06:05:39.576792',4,'HARD','2026-04-04 06:05:39.575281',4,4,_binary '\0','Dolphin',NULL,'con chó',NULL),(14,'2026-04-04 09:07:05.733075','2026-04-04 09:07:05.733075',1,'EASY','2026-04-04 09:07:05.732076',6,5,_binary '','con heo',NULL,'con heo',NULL),(15,'2026-04-04 09:07:05.742811','2026-04-04 09:07:05.742811',2,'EASY','2026-04-04 09:07:05.742812',7,5,_binary '','con chó',NULL,'con chó',NULL),(16,'2026-04-04 09:07:05.752019','2026-04-04 09:07:05.752019',3,'EASY','2026-04-04 09:07:05.751421',9,5,_binary '','cá mập',NULL,'cá mập',NULL),(17,'2026-04-04 09:07:05.759621','2026-04-04 09:07:05.759621',4,'EASY','2026-04-04 09:07:05.759622',8,5,_binary '','con ngựa',NULL,'con ngựa',NULL),(18,'2026-04-04 09:07:28.219001','2026-04-04 09:07:28.219001',1,'EASY','2026-04-04 09:07:28.218384',8,6,_binary '','con ngựa',NULL,'con ngựa',NULL),(19,'2026-04-04 09:07:28.227670','2026-04-04 09:07:28.227670',2,'EASY','2026-04-04 09:07:28.225092',10,6,_binary '','cá voi',NULL,'cá voi',NULL),(20,'2026-04-04 09:07:28.235371','2026-04-04 09:07:28.235371',3,'EASY','2026-04-04 09:07:28.234368',6,6,_binary '','con heo',NULL,'con heo',NULL),(21,'2026-04-04 09:07:28.241083','2026-04-04 09:07:28.242682',4,'EASY','2026-04-04 09:07:28.241084',7,6,_binary '','con chó',NULL,'con chó',NULL),(22,'2026-04-04 09:07:28.256028','2026-04-04 09:07:28.256028',5,'EASY','2026-04-04 09:07:28.255105',4,6,_binary '','Dolphin',NULL,'Dolphin',NULL),(23,'2026-04-04 09:07:51.454997','2026-04-04 09:07:51.454997',1,'EASY','2026-04-04 09:07:51.453982',8,7,_binary '','con ngựa',NULL,'con ngựa',NULL),(24,'2026-04-04 09:07:51.461619','2026-04-04 09:07:51.461619',2,'EASY','2026-04-04 09:07:51.460621',6,7,_binary '','con heo',NULL,'con heo',NULL),(25,'2026-04-04 09:07:51.467541','2026-04-04 09:07:51.467541',3,'EASY','2026-04-04 09:07:51.466548',4,7,_binary '','Dolphin',NULL,'Dolphin',NULL),(26,'2026-04-04 09:07:51.473895','2026-04-04 09:07:51.474765',4,'EASY','2026-04-04 09:07:51.473895',9,7,_binary '','cá mập',NULL,'cá mập',NULL),(27,'2026-04-04 09:07:51.479934','2026-04-04 09:07:51.479934',5,'EASY','2026-04-04 09:07:51.478913',10,7,_binary '','cá voi',NULL,'cá voi',NULL),(28,'2026-04-04 09:07:51.486572','2026-04-04 09:07:51.486572',6,'EASY','2026-04-04 09:07:51.485966',7,7,_binary '','con chó',NULL,'con chó',NULL),(29,'2026-04-04 09:08:36.010291','2026-04-04 09:08:36.010291',1,'EASY','2026-04-04 09:08:36.006864',7,8,_binary '','con chó',NULL,'con chó',NULL),(30,'2026-04-04 09:08:36.017523','2026-04-04 09:08:36.017523',2,'EASY','2026-04-04 09:08:36.016524',8,8,_binary '','con ngựa',NULL,'con ngựa',NULL),(31,'2026-04-04 09:08:36.024232','2026-04-04 09:08:36.024232',3,'EASY','2026-04-04 09:08:36.023225',4,8,_binary '','Dolphin',NULL,'Dolphin',NULL),(32,'2026-04-04 09:08:36.032526','2026-04-04 09:08:36.032526',4,'EASY','2026-04-04 09:08:36.031004',10,8,_binary '','cá voi',NULL,'cá voi',NULL),(33,'2026-04-04 09:24:00.634150','2026-04-04 09:24:00.634150',1,'EASY','2026-04-04 09:24:00.633151',9,9,_binary '','cá mập',NULL,'cá mập',NULL),(34,'2026-04-04 09:24:00.644825','2026-04-04 09:24:00.644825',2,'EASY','2026-04-04 09:24:00.643824',10,9,_binary '','cá voi',NULL,'cá voi',NULL),(35,'2026-04-04 09:24:00.665576','2026-04-04 09:24:00.665576',3,'EASY','2026-04-04 09:24:00.655355',8,9,_binary '','con ngựa',NULL,'con ngựa',NULL),(36,'2026-04-04 09:24:00.683259','2026-04-04 09:24:00.683259',4,'EASY','2026-04-04 09:24:00.682261',7,9,_binary '','con chó',NULL,'con chó',NULL),(37,'2026-04-04 09:24:00.704984','2026-04-04 09:24:00.704984',5,'EASY','2026-04-04 09:24:00.696978',4,9,_binary '','Dolphin',NULL,'Dolphin',NULL),(42,'2026-04-06 13:46:59.201444','2026-04-06 13:46:59.201444',1,'EASY','2026-04-06 13:46:59.199445',30,11,_binary '','chó',NULL,'chó',NULL),(43,'2026-04-06 13:47:12.980310','2026-04-06 13:47:12.980310',1,'EASY','2026-04-06 13:47:12.979312',35,12,_binary '','bò',NULL,'bò',NULL),(44,'2026-04-06 13:47:13.003602','2026-04-06 13:47:13.003602',2,'EASY','2026-04-06 13:47:12.998009',31,12,_binary '','mèo',NULL,'mèo',NULL),(45,'2026-04-06 13:47:13.018078','2026-04-06 13:47:13.018078',3,'EASY','2026-04-06 13:47:13.016996',38,12,_binary '','gấu',NULL,'gấu',NULL),(46,'2026-04-06 13:47:13.118642','2026-04-06 13:47:13.118642',4,'EASY','2026-04-06 13:47:13.082644',33,12,_binary '','cá',NULL,'cá',NULL),(47,'2026-04-07 02:36:15.233559','2026-04-07 02:36:15.233559',1,'HARD','2026-04-07 02:36:15.230426',58,13,_binary '\0','thực hiện',NULL,'tiến hành',NULL),(48,'2026-04-07 02:36:15.238781','2026-04-07 02:36:15.238781',2,'EASY','2026-04-07 02:36:15.237808',54,13,_binary '','xem xét',NULL,'xem xét',NULL),(49,'2026-04-07 02:36:15.241973','2026-04-07 02:36:15.241973',3,'EASY','2026-04-07 02:36:15.241313',51,13,_binary '','tiến hành',NULL,'tiến hành',NULL),(50,'2026-04-07 02:36:15.244218','2026-04-07 02:36:15.244218',4,'HARD','2026-04-07 02:36:15.243665',53,13,_binary '\0','đề xuất',NULL,'thực hiện',NULL),(51,'2026-04-07 02:36:15.247310','2026-04-07 02:36:15.247310',5,'EASY','2026-04-07 02:36:15.246327',57,13,_binary '','xác nhận',NULL,'xác nhận',NULL);
/*!40000 ALTER TABLE `study_session_cards` ENABLE KEYS */;
UNLOCK TABLES;

--
-- Table structure for table `study_sessions`
--

DROP TABLE IF EXISTS `study_sessions`;
/*!40101 SET @saved_cs_client     = @@character_set_client */;
/*!50503 SET character_set_client = utf8mb4 */;
CREATE TABLE `study_sessions` (
  `id` bigint NOT NULL AUTO_INCREMENT,
  `created_at` datetime(6) DEFAULT NULL,
  `updated_at` datetime(6) DEFAULT NULL,
  `again_count` int NOT NULL,
  `easy_count` int NOT NULL,
  `ended_at` datetime(6) DEFAULT NULL,
  `good_count` int NOT NULL,
  `hard_count` int NOT NULL,
  `mode` enum('REVIEW','STUDY') COLLATE utf8mb4_unicode_ci NOT NULL,
  `reviewed_cards` int NOT NULL,
  `started_at` datetime(6) NOT NULL,
  `status` enum('ABANDONED','COMPLETED','IN_PROGRESS') COLLATE utf8mb4_unicode_ci NOT NULL,
  `total_cards` int NOT NULL,
  `flashcard_set_id` bigint NOT NULL,
  `user_id` bigint NOT NULL,
  PRIMARY KEY (`id`),
  KEY `FK4brlr3miamkv8usyctu5ly39v` (`flashcard_set_id`),
  KEY `FK1pw09mt08ohr4r1cuu33qwyw0` (`user_id`),
  CONSTRAINT `FK1pw09mt08ohr4r1cuu33qwyw0` FOREIGN KEY (`user_id`) REFERENCES `users` (`id`),
  CONSTRAINT `FK4brlr3miamkv8usyctu5ly39v` FOREIGN KEY (`flashcard_set_id`) REFERENCES `flashcard_sets` (`id`)
) ENGINE=InnoDB AUTO_INCREMENT=14 DEFAULT CHARSET=utf8mb4 COLLATE=utf8mb4_unicode_ci;
/*!40101 SET character_set_client = @saved_cs_client */;

--
-- Dumping data for table `study_sessions`
--

LOCK TABLES `study_sessions` WRITE;
/*!40000 ALTER TABLE `study_sessions` DISABLE KEYS */;
INSERT INTO `study_sessions` VALUES (1,'2026-04-04 05:57:59.426615','2026-04-04 05:57:59.446604',0,0,'2026-04-04 05:57:59.425610',1,0,'STUDY',1,'2026-04-04 05:57:59.425610','COMPLETED',1,2,1),(2,'2026-04-04 05:58:18.118747','2026-04-04 05:58:18.155159',0,0,'2026-04-04 05:58:18.118747',4,0,'STUDY',4,'2026-04-04 05:58:18.117749','COMPLETED',4,2,1),(3,'2026-04-04 06:05:24.643265','2026-04-04 06:05:24.721231',0,0,'2026-04-04 06:05:24.643266',4,0,'STUDY',4,'2026-04-04 06:05:24.643266','COMPLETED',4,2,1),(4,'2026-04-04 06:05:39.541807','2026-04-04 06:05:39.588330',3,0,'2026-04-04 06:05:39.540896',1,0,'STUDY',4,'2026-04-04 06:05:39.540896','COMPLETED',4,2,1),(5,'2026-04-04 09:07:05.714179','2026-04-04 09:07:05.930990',0,0,'2026-04-04 09:07:05.711665',4,0,'STUDY',4,'2026-04-04 09:07:05.711665','COMPLETED',4,2,1),(6,'2026-04-04 09:07:28.209782','2026-04-04 09:07:28.357280',0,0,'2026-04-04 09:07:28.208758',5,0,'STUDY',5,'2026-04-04 09:07:28.208758','COMPLETED',5,2,1),(7,'2026-04-04 09:07:51.448786','2026-04-04 09:07:51.495219',0,0,'2026-04-04 09:07:51.447595',6,0,'STUDY',6,'2026-04-04 09:07:51.447595','COMPLETED',6,2,1),(8,'2026-04-04 09:08:35.999751','2026-04-04 09:08:36.044151',0,0,'2026-04-04 09:08:35.999752',4,0,'STUDY',4,'2026-04-04 09:08:35.999752','COMPLETED',4,2,1),(9,'2026-04-04 09:24:00.623632','2026-04-04 09:24:00.713610',0,0,'2026-04-04 09:24:00.622626',5,0,'STUDY',5,'2026-04-04 09:24:00.622626','COMPLETED',5,2,1),(11,'2026-04-06 13:46:59.125945','2026-04-06 13:46:59.216202',0,0,'2026-04-06 13:46:59.120702',1,0,'STUDY',1,'2026-04-06 13:46:59.120702','COMPLETED',1,12,1),(12,'2026-04-06 13:47:12.961605','2026-04-06 13:47:13.133688',0,0,'2026-04-06 13:47:12.960603',4,0,'STUDY',4,'2026-04-06 13:47:12.960603','COMPLETED',4,12,1),(13,'2026-04-07 02:36:15.224369','2026-04-07 02:36:15.252883',2,0,'2026-04-07 02:36:15.222065',3,0,'STUDY',5,'2026-04-07 02:36:15.222065','COMPLETED',5,17,13);
/*!40000 ALTER TABLE `study_sessions` ENABLE KEYS */;
UNLOCK TABLES;

--
-- Table structure for table `user_card_progress`
--

DROP TABLE IF EXISTS `user_card_progress`;
/*!40101 SET @saved_cs_client     = @@character_set_client */;
/*!50503 SET character_set_client = utf8mb4 */;
CREATE TABLE `user_card_progress` (
  `id` bigint NOT NULL AUTO_INCREMENT,
  `created_at` datetime(6) DEFAULT NULL,
  `updated_at` datetime(6) DEFAULT NULL,
  `correct_streak` int NOT NULL,
  `easiness_factor` decimal(4,2) NOT NULL,
  `interval_days` int NOT NULL,
  `lapse_count` int NOT NULL,
  `last_reviewed_at` datetime(6) DEFAULT NULL,
  `next_review_at` datetime(6) DEFAULT NULL,
  `review_count` int NOT NULL,
  `status` enum('LEARNING','MASTERED','NEW','REVIEW_NEEDED') COLLATE utf8mb4_unicode_ci NOT NULL,
  `flashcard_id` bigint NOT NULL,
  `user_id` bigint NOT NULL,
  PRIMARY KEY (`id`),
  UNIQUE KEY `uk_user_card_progress_user_flashcard` (`user_id`,`flashcard_id`),
  KEY `FK5x58awqr63p0pjcmefokvdvrg` (`flashcard_id`),
  CONSTRAINT `FK5x58awqr63p0pjcmefokvdvrg` FOREIGN KEY (`flashcard_id`) REFERENCES `flashcards` (`id`),
  CONSTRAINT `FKbw3njg4g785v30016ukmum62j` FOREIGN KEY (`user_id`) REFERENCES `users` (`id`)
) ENGINE=InnoDB DEFAULT CHARSET=utf8mb4 COLLATE=utf8mb4_unicode_ci;
/*!40101 SET character_set_client = @saved_cs_client */;

--
-- Dumping data for table `user_card_progress`
--

LOCK TABLES `user_card_progress` WRITE;
/*!40000 ALTER TABLE `user_card_progress` DISABLE KEYS */;
/*!40000 ALTER TABLE `user_card_progress` ENABLE KEYS */;
UNLOCK TABLES;

--
-- Table structure for table `users`
--

DROP TABLE IF EXISTS `users`;
/*!40101 SET @saved_cs_client     = @@character_set_client */;
/*!50503 SET character_set_client = utf8mb4 */;
CREATE TABLE `users` (
  `id` bigint NOT NULL AUTO_INCREMENT,
  `created_at` datetime(6) DEFAULT NULL,
  `updated_at` datetime(6) DEFAULT NULL,
  `active` bit(1) NOT NULL,
  `current_streak` int NOT NULL,
  `daily_goal` int NOT NULL,
  `email` varchar(150) COLLATE utf8mb4_unicode_ci NOT NULL,
  `full_name` varchar(100) COLLATE utf8mb4_unicode_ci NOT NULL,
  `password_hash` varchar(255) COLLATE utf8mb4_unicode_ci NOT NULL,
  `role` enum('ADMIN','USER') COLLATE utf8mb4_unicode_ci NOT NULL,
  PRIMARY KEY (`id`),
  UNIQUE KEY `UK6dotkott2kjsp8vw4d0m25fb7` (`email`)
) ENGINE=InnoDB AUTO_INCREMENT=14 DEFAULT CHARSET=utf8mb4 COLLATE=utf8mb4_unicode_ci;
/*!40101 SET character_set_client = @saved_cs_client */;

--
-- Dumping data for table `users`
--

LOCK TABLES `users` WRITE;
/*!40000 ALTER TABLE `users` DISABLE KEYS */;
INSERT INTO `users` VALUES (1,'2026-03-26 15:15:10.267032','2026-03-26 15:29:01.214460',_binary '',0,20,'a@example.com','Nguyen Van B','$2a$10$voD9MF/vC1JwXliGUtCT0OJ3jktV3iGOKQKMehp9kr0mTZuuP10fG','USER'),(2,'2026-03-27 17:15:42.006075','2026-03-27 17:15:42.006075',_binary '',0,10,'buituankhanh9@gmail.com','Tuan Khanh','$2a$10$Am/1GIXsNS2UtMzZHTWEEupAFJ43EHUI1uMOfspTHwSH1zqS6i5vi','USER'),(3,'2026-04-06 07:29:09.729005','2026-04-06 07:29:09.729005',_binary '',0,10,'j@gmail.com','John','$2a$10$7qk95xb2xAC9hysb28zWj..ZX3nSQIgKqy5yZeDIeonfdZf8oyyX.','USER'),(4,'2026-04-06 11:08:34.822878','2026-04-06 11:08:34.822878',_binary '',0,10,'aitest20260406180833@example.com','AI Test','$2a$10$wY/5D5CrT7DXpd.ADcxiSu0bNi3w/1HekdV2gNbC9svEjhsNMVuGS','USER'),(5,'2026-04-06 11:09:00.411199','2026-04-06 11:09:00.411199',_binary '',0,10,'aitest20260406180900@example.com','AI Test','$2a$10$qd8K.c0bES/YmRhdW.6Csu2IU382alB5dPeWn9ToZdh4ojjA1GGja','USER'),(6,'2026-04-06 11:09:30.980596','2026-04-06 11:09:30.980596',_binary '',0,10,'aitest20260406180930@example.com','AI Test','$2a$10$cjoK.Rq1710lrCuedAplA.x/2whB8Pd.naPOue1La1olL62YX32Aa','USER'),(7,'2026-04-06 11:09:41.928836','2026-04-06 11:09:41.928836',_binary '',0,10,'aitest20260406180941@example.com','AI Test','$2a$10$UsvmC9MYC3ao3HeLX.zZcu7ntJMVs/OugmUpLXApbRRS2qDdry.eG','USER'),(8,'2026-04-06 11:09:56.657218','2026-04-06 11:09:56.657218',_binary '',0,10,'aitest20260406180956@example.com','AI Test','$2a$10$aDhlfTkcy9UwVXIbYOwu6OInqSy3mbjnQ3iJZ3dYyvvbUaCyrK8uG','USER'),(9,'2026-04-06 11:10:07.822962','2026-04-06 11:10:07.822962',_binary '',0,10,'aitest20260406181007@example.com','AI Test','$2a$10$8i5RJkG5QbZir0HmzQxP8epgpHqVmRxDy83hoLcvSOFTkhcP7dFhW','USER'),(10,'2026-04-06 11:10:36.573800','2026-04-06 11:10:36.573800',_binary '',0,10,'aitest20260406181036@example.com','AI Test','$2a$10$YbdLLnhE8fSHjcPlLiXRU.yCk/MyXMkdTM120DTMr4PaL86OFBYCq','USER'),(11,'2026-04-06 11:10:59.588850','2026-04-06 11:10:59.588850',_binary '',0,10,'aitest20260406181059@example.com','AI Test','$2a$10$ovYSDU6yzEJRxVMzynFe9.bKgFhXq9soOachJOuHBvPy6Y7MD.mg2','USER'),(12,'2026-04-06 11:24:40.339733','2026-04-06 11:24:40.339733',_binary '',0,10,'aitest20260406182438@example.com','AI Test','$2a$10$WQHo6UEprZnqU5RdcWf03OBCxcCdLxTcscwYREbGOZpvMAMVL8fKe','USER'),(13,'2026-04-06 14:30:35.580056','2026-04-06 14:30:35.580056',_binary '',0,10,'buituankhanh0109@gmail.com','Bùi Trần Tuấn Khanh','$2a$10$u0tbriROOcEwqpoew3r/I./Q6dkmq7sHb0.CxM/aEBU1d54ZxkzS2','USER');
/*!40000 ALTER TABLE `users` ENABLE KEYS */;
UNLOCK TABLES;
/*!40103 SET TIME_ZONE=@OLD_TIME_ZONE */;

/*!40101 SET SQL_MODE=@OLD_SQL_MODE */;
/*!40014 SET FOREIGN_KEY_CHECKS=@OLD_FOREIGN_KEY_CHECKS */;
/*!40014 SET UNIQUE_CHECKS=@OLD_UNIQUE_CHECKS */;
/*!40101 SET CHARACTER_SET_CLIENT=@OLD_CHARACTER_SET_CLIENT */;
/*!40101 SET CHARACTER_SET_RESULTS=@OLD_CHARACTER_SET_RESULTS */;
/*!40101 SET COLLATION_CONNECTION=@OLD_COLLATION_CONNECTION */;
/*!40111 SET SQL_NOTES=@OLD_SQL_NOTES */;

-- Dump completed on 2026-04-07 13:09:30
